17,,,,,,,,,,,,
ttg420,E,Quinn,Jeffrey,601 Lotheville Road,Savannah,GA,31405,US,squarry0@reverbnation.com,squarry0@salon.com,,
7632l9,E,Micah,Michelle,0 Havey Avenue,Cleveland,OH,44177,US,nmichelotti1@sbwire.com,nmichelotti1@vistaprint.com,nmichelotti1@gravatar.com,nmichelotti1@patch.com
aa887b,E,Yip,Levi,65337 Straubel Place,Muncie,IN,47306,US,wleavold2@npr.org,wleavold2@craigslist.org,,
beta4L,P,Zarya,Connor,81 Northport Avenue,Mobile,AL,36628,US,zcullington3@engadget.com,zcullington3@wisc.edu,zcullington3@google.es,zcullington3@google.pl
48b5dc,P,West,Larry,7 Sunbrook Center,Young America,MN,55551,US,fleaming4@elpais.com,fleaming4@unblog.fr,fleaming4@hugedomains.com,
abc123,P,Summers,Stacy,33 Lake View Alley,Roanoke,VA,24040,US,bstammers5@flickr.com,bstammers5@mapy.cz,bstammers5@cpanel.net,
tre43r,G,Smith,John,6811 Pleasure Point,Salinas,CA,93907,US,guttley6@sogou.com,guttley6@linkedin.com,guttley6@latimes.com,
4321d7,G,Fernando,James,37 Hoard Circle,Plano,TX,75074,US,fhalse7@europa.eu,fhalse7@microsoft.com,fhalse7@fc2.com,fhalse7@moonfruit.com
f22d0b,G,Dennison,George,40 Aberg Avenue,Fresno,CA,93786,US,dwitherbed8@umich.edu,dwitherbed8@pbs.org,dwitherbed8@privacy.gov.au,
d78da4,C,Kellen,Solomon,5595 Saint Paul Place,Annapolis,MD,21405,US,ksoloway9@amazon.co.uk,ksoloway9@sitemeter.com,ksoloway9@cmu.edu,ksoloway9@unicef.org
87ttg5,C,Spice,Mark,3 5th Junction,Fort Collins,CO,80525,US,rantoshina@cam.ac.uk,rantoshina@amazonaws.com,rantoshina@economist.com,rantoshina@sfgate.com
89a8a1,C,Portia,Pepper,427 Nevada Pass,Toledo,OH,43656,US,pepperportia@lax.edu,,,
aa887a,E,JohnnyDrip,John,360 NoScope Plaza,Wichita,KS,67230,US,JohnnyDrip@gman.com,,,
fdc227,E,Yerp,Superman,69420 Nice Street,Gainesville,FL,32605,US,Yerpsuper@firefox.com,,,
abc124,E,Thug,Young,3984 Jeff Street,Phoenix,AZ,85099,US,SlimeyYSL@gmail.com,,,
fdc269,E,Wunna,Gunna,18913 Chandler St,Omaha,NE,68136,US,YoungGunna@gmail.com,,,
yoo420,E,Keed,Little,1234 Apple Street,Los Angeles,CA,35815,US,wavyKeed@gmail.com,,,
